date,new_cases,new_deaths,cases_7day_avg,deaths_7day_avg
2020-02-01,56.36,40.69,,
2020-02-02,181.55,22.36,,
2020-02-03,264.97,36.42,,
2020-02-04,484.12,14.08,,
2020-02-05,183.53,24.389999999999997,,
2020-02-06,402.38,25.59,,
2020-02-07,228.92999999999998,20.95,257.4057142857143,26.354285714285712
2020-02-08,375.17,32.35,302.95,25.162857142857142
2020-02-09,657.11,40.12,370.88714285714286,27.699999999999996
2020-02-10,772.47,50.83,443.38714285714286,29.75857142857143
2020-02-11,1043.42,55.36,523.2871428571428,35.65571428571428
2020-02-12,1032.48,42.47,644.5657142857143,38.23857142857143
2020-02-13,1421.48,52.839999999999996,790.1514285714286,42.131428571428565
2020-02-14,1802.26,32.06,1014.9128571428571,43.71857142857142
2020-02-15,1990.9,51.59,1245.7314285714285,46.46714285714285
2020-02-16,1517.3899999999999,54.79,1368.6285714285714,48.56285714285714
2020-02-17,2625.77,55.82,1633.3857142857144,49.27571428571429
2020-02-18,2068.41,39.86,1779.8128571428572,47.061428571428564
2020-02-19,2435.71,28.240000000000002,1980.2742857142855,45.028571428571425
2020-02-20,3719.24,64.55,2308.5257142857145,46.70142857142857
2020-02-21,2303.4700000000003,89.61000000000001,2380.1271428571426,54.92285714285715
2020-02-22,4371.98,70.77000000000001,2720.281428571429,57.66285714285714
2020-02-23,3365.8,83.39,2984.34,61.74857142857143
2020-02-24,4877.45,77.61,3306.008571428571,64.86142857142856
2020-02-25,4396.64,65.27,3638.612857142857,68.49142857142857
2020-02-26,4190.12,43.269999999999996,3889.2428571428572,70.63857142857144
2020-02-27,4227.04,79.24000000000001,3961.785714285714,72.73714285714286
2020-02-28,3794.7300000000005,53.29,4174.822857142857,67.54857142857144
2020-02-29,3527.98,63.57,4054.2514285714283,66.52000000000001
2020-03-01,3597.3199999999997,89.98,4087.325714285714,67.46142857142857
2020-03-02,5106.44,65.48,4120.038571428572,65.72857142857143
2020-03-03,4557.599999999999,51.0,4143.032857142857,63.69
2020-03-04,5188.75,100.72,4285.694285714286,71.89714285714287
2020-03-05,6348.16,127.96,4588.711428571429,78.85714285714286
2020-03-06,5657.280000000001,85.45,4854.79,83.45142857142856
2020-03-07,6164.01,133.1,5231.365714285714,93.38428571428572
2020-03-08,5498.76,119.27,5503.0,97.56857142857143
2020-03-09,5131.04,67.24000000000001,5506.5142857142855,97.82000000000001
2020-03-10,5643.48,89.74000000000001,5661.639999999999,103.35428571428572
2020-03-11,9255.74,120.32,6242.638571428572,106.15428571428572
2020-03-12,9128.32,101.07000000000001,6639.804285714286,102.31285714285715
2020-03-13,7477.969999999999,92.5,6899.902857142856,103.32000000000001
2020-03-14,9148.78,111.65,7326.298571428572,100.25571428571428
2020-03-15,7587.99,111.38,7624.76,99.12857142857145
2020-03-16,9397.23,111.31,8234.215714285714,105.42428571428572
2020-03-17,8623.43,105.15,8659.922857142858,107.62571428571428
2020-03-18,10790.75,151.26000000000002,8879.210000000001,112.04571428571428
2020-03-19,9630.85,135.9,8951.0,117.02142857142859
2020-03-20,11121.039999999999,122.63,9471.43857142857,121.3257142857143
2020-03-21,12672.56,175.91,9974.835714285713,130.5057142857143
2020-03-22,10975.699999999999,148.88000000000002,10458.794285714286,135.86285714285717
2020-03-23,11081.52,173.0,10699.407142857144,144.6757142857143
2020-03-24,11300.18,163.81,11081.8,153.0557142857143
2020-03-25,11992.31,125.71,11253.451428571427,149.4057142857143
2020-03-26,13078.96,133.72,11746.038571428571,149.0942857142857
2020-03-27,14578.84,175.52,12240.009999999998,156.65
2020-03-28,15034.28,181.93,12577.39857142857,157.51
2020-03-29,15912.69,176.71,13282.682857142858,161.4857142857143
2020-03-30,16039.789999999999,207.21,13991.007142857141,166.37285714285716
2020-03-31,15257.810000000001,234.83,14556.382857142858,176.51857142857145
2020-04-01,16525.92,169.71,15204.04142857143,182.8042857142857
2020-04-02,18497.620000000003,231.22,15978.135714285714,196.7328571428571
2020-04-03,18126.03,227.38,16484.87714285714,204.14142857142858
2020-04-04,20285.61,254.9,17235.067142857144,214.56571428571428
2020-04-05,21209.61,229.32999999999998,17991.77,222.08285714285716
2020-04-06,20722.19,273.38,18660.684285714287,231.53571428571428
2020-04-07,20538.42,302.09000000000003,19415.057142857142,241.14428571428576
2020-04-08,23000.480000000003,261.12,20339.994285714285,254.20285714285714
2020-04-09,21781.27,271.24,20809.087142857144,259.92
2020-04-10,25486.4,281.9,21860.568571428572,267.7085714285714
2020-04-11,24237.7,287.68,22425.152857142857,272.39142857142855
2020-04-12,25527.969999999998,320.92,23042.06142857143,285.4757142857143
2020-04-13,27097.86,321.89,23952.87142857143,292.4057142857143
2020-04-14,29840.010000000002,401.46000000000004,25281.670000000002,306.6014285714286
2020-04-15,31080.45,391.82000000000005,26435.95142857143,325.2728571428571
2020-04-16,29317.97,341.16,27512.622857142855,335.26142857142855
2020-04-17,31659.17,393.95,28394.447142857145,351.2685714285714
2020-04-18,32701.2,403.75,29603.51857142857,367.85
2020-04-19,34443.62,398.83,30877.18285714286,378.98
2020-04-20,34546.61,421.91999999999996,31941.29,393.27000000000004
2020-04-21,35848.3,367.36,32799.61714285715,388.3985714285714
2020-04-22,35616.37,427.55,33447.60571428572,393.5028571428571
2020-04-23,39807.83,489.47,34946.15714285714,414.69
2020-04-24,38870.79,475.88,35976.38857142857,426.3942857142857
2020-04-25,39308.2,471.6,36920.24571428572,436.0871428571428
2020-04-26,41914.61,464.94,37987.530000000006,445.53142857142853
2020-04-27,44437.66,484.65,39400.537142857145,454.49285714285713
2020-04-28,44942.549999999996,524.6700000000001,40699.71571428572,476.96571428571434
2020-04-29,45422.09,560.27,42100.532857142854,495.92571428571426
2020-04-30,48388.35,600.3,43326.32142857143,511.7585714285715
2020-05-01,49067.68,586.7700000000001,44783.02,527.6
2020-05-02,50601.63,566.39,46396.36714285715,541.1414285714286
2020-05-03,51616.0,619.72,47782.27999999999,563.2528571428572
2020-05-04,51722.82,594.69,48823.01714285714,578.9728571428572
2020-05-05,54959.64,687.68,50254.030000000006,602.26
2020-05-06,53872.119999999995,653.04,51461.177142857145,615.5128571428571
2020-05-07,57013.21,644.45,52693.299999999996,621.8199999999999
2020-05-08,57932.88,733.6800000000001,53959.75714285714,642.8071428571428
2020-05-09,60331.2,719.4200000000001,55349.69571428571,664.6685714285715
2020-05-10,61949.12,746.6,56825.85571428571,682.7942857142856
2020-05-11,64787.93,817.35,58692.299999999996,714.6028571428571
2020-05-12,65958.66,817.99,60263.58857142857,733.2185714285714
2020-05-13,65077.97,792.6,61864.42428571428,753.1557142857143
2020-05-14,68234.28,856.49,63467.43428571429,783.4471428571429
2020-05-15,68278.17,782.9,64945.33285714286,790.4785714285715
2020-05-16,69855.5,869.27,66305.94714285714,811.8857142857142
2020-05-17,72609.85,874.0799999999999,67828.90857142858,830.0971428571429
2020-05-18,72937.49,904.0799999999999,68993.13142857143,842.4871428571429
2020-05-19,76093.97,930.8100000000001,70441.03285714285,858.6042857142858
2020-05-20,76653.66,931.3399999999999,72094.70285714287,878.4242857142856
2020-05-21,79623.91,962.73,73721.79285714285,893.6014285714285
2020-05-22,81136.69,1025.29,75558.7242857143,928.2285714285714
2020-05-23,82708.75,1026.51,77394.90285714286,950.6914285714286
2020-05-24,83383.33,1053.26,78933.97142857143,976.2885714285715
2020-05-25,87723.84,1064.74,81046.30714285714,999.24
2020-05-26,88586.48000000001,1077.82,82830.95142857144,1020.2414285714285
2020-05-27,90589.29999999999,1065.87,84821.75714285714,1039.46
2020-05-28,91935.48999999999,1100.85,86580.55428571429,1059.1914285714286
2020-05-29,92119.04,1108.16,88149.46142857142,1071.03
2020-05-30,94039.98999999999,1130.61,89768.20999999999,1085.9014285714286
2020-05-31,95328.23,1158.83,91474.62428571428,1100.982857142857
2020-06-01,98889.9,1167.8,93069.7757142857,1115.7057142857143
2020-06-02,98482.25,1204.0,94483.45714285714,1133.7314285714285
2020-06-03,101357.65,1203.6399999999999,96021.79285714285,1153.412857142857
2020-06-04,101572.48999999999,1218.31,97398.50714285714,1170.192857142857
2020-06-05,104922.97,1293.04,99227.64,1196.6042857142857
2020-06-06,105750.1,1288.82,100900.51285714286,1219.205714285714
2020-06-07,105656.28,1260.36,102375.94857142855,1233.7099999999998
2020-06-08,107072.64,1315.16,103544.91142857143,1254.7614285714285
2020-06-09,108642.78,1336.6599999999999,104996.41571428571,1273.712857142857
2020-06-10,109975.92000000001,1315.94,106227.59714285715,1289.7557142857145
2020-06-11,111335.7,1335.72,107622.34142857142,1306.5285714285712
2020-06-12,113591.65,1365.01,108860.7242857143,1316.81
2020-06-13,114234.23,1373.79,110072.74285714285,1328.9485714285713
2020-06-14,116010.16,1415.94,111551.86857142858,1351.1742857142858
2020-06-15,116686.09,1402.44,112925.21857142857,1363.642857142857
2020-06-16,119731.97,1453.46,114509.38857142857,1380.3285714285716
2020-06-17,119445.46,1425.04,115862.18000000001,1395.9142857142856
2020-06-18,122655.38,1472.5,117479.27714285716,1415.4542857142858
2020-06-19,121458.53,1420.08,118603.11714285714,1423.3214285714287
2020-06-20,122807.84,1453.47,119827.91857142858,1434.7042857142858
2020-06-21,123061.86,1488.34,120835.30428571429,1445.0471428571432
2020-06-22,124639.82,1488.69,121971.55142857143,1457.3685714285714
2020-06-23,126287.15,1513.6499999999999,122908.00571428573,1465.9671428571426
2020-06-24,129155.03,1539.5700000000002,124295.08714285714,1482.3285714285716
2020-06-25,127875.93,1564.42,125040.87999999999,1495.4600000000003
2020-06-26,128138.78,1494.3,125995.20142857144,1506.0628571428572
2020-06-27,128016.17000000001,1544.3600000000001,126739.24857142857,1519.047142857143
2020-06-28,131330.33000000002,1589.35,127920.45857142856,1533.4771428571428
2020-06-29,132302.35,1599.56,129015.10571428572,1549.3157142857144
2020-06-30,131670.68,1548.93,129784.18142857144,1554.3557142857146
2020-07-01,130522.99,1597.61,129979.60428571429,1562.6471428571426
2020-07-02,131015.38,1510.31,130428.09714285715,1554.9171428571426
2020-07-03,132299.61,1584.38,131022.50142857143,1567.7857142857142
2020-07-04,134706.33000000002,1620.81,131978.23857142855,1578.7071428571428
2020-07-05,134413.82,1633.64,132418.73714285714,1585.0342857142857
2020-07-06,132196.15,1613.44,132403.56571428574,1587.0171428571427
2020-07-07,133300.66,1580.16,132636.41999999998,1591.4785714285713
2020-07-08,134909.08,1610.5,133263.0042857143,1593.3200000000002
2020-07-09,133188.16,1577.05,133573.40142857144,1602.8542857142857
2020-07-10,133438.56,1586.0100000000002,133736.10857142857,1603.087142857143
2020-07-11,135720.7,1600.52,133881.01857142855,1600.1885714285715
2020-07-12,135306.91999999998,1635.8200000000002,134008.60428571427,1600.5
2020-07-13,135748.74,1618.65,134516.11714285714,1601.2442857142858
2020-07-14,134403.59,1641.9099999999999,134673.67857142855,1610.0657142857142
2020-07-15,136611.78,1645.76,134916.92142857143,1615.1028571428571
2020-07-16,134537.16999999998,1629.08,135109.63714285713,1622.5357142857142
2020-07-17,133394.56,1608.64,135103.35142857142,1625.7685714285712
2020-07-18,133602.04,1564.1,134800.68571428573,1620.5657142857142
2020-07-19,132252.1,1571.93,134364.28285714285,1611.4385714285713
2020-07-20,135259.80000000002,1651.32,134294.4342857143,1616.1057142857142
2020-07-21,132837.9,1635.43,134070.7642857143,1615.18
2020-07-22,133580.25,1651.3700000000001,133637.6885714286,1615.9814285714288
2020-07-23,130691.8,1605.87,133088.35,1612.6657142857143
2020-07-24,131352.37,1571.8899999999999,132796.60857142857,1607.4157142857143
2020-07-25,132120.65,1552.9899999999998,132584.98142857142,1605.8285714285714
2020-07-26,131278.90999999997,1628.73,132445.95428571428,1613.9428571428573
2020-07-27,130447.43,1561.45,131758.47285714286,1601.1042857142857
2020-07-28,129532.8,1555.22,131286.31571428568,1589.6457142857143
2020-07-29,129420.42,1539.98,130692.05428571429,1573.732857142857
2020-07-30,125106.98,1500.71,129894.22285714284,1558.7099999999998
2020-07-31,125328.72,1506.25,129033.70142857141,1549.3328571428572
2020-08-01,124773.37,1476.98,127984.08999999998,1538.474285714286
2020-08-02,124885.01000000001,1494.19,127070.67571428571,1519.2542857142855
2020-08-03,122495.34,1450.56,125934.66285714286,1503.4128571428573
2020-08-04,125110.06,1488.18,125302.84285714287,1493.8357142857142
2020-08-05,122468.56,1480.8,124309.72,1485.3814285714286
2020-08-06,121242.06,1487.81,123757.58857142857,1483.5385714285715
2020-08-07,120801.42,1470.19,123110.83142857144,1478.387142857143
2020-08-08,121235.54,1447.81,122605.42714285714,1474.2199999999998
2020-08-09,118360.7,1378.1000000000001,121673.38285714286,1457.6357142857144
2020-08-10,114070.02,1386.8400000000001,120469.7657142857,1448.532857142857
2020-08-11,116915.3,1427.3700000000001,119299.08571428571,1439.8457142857144
2020-08-12,116148.3,1400.75,118396.19142857143,1428.41
2020-08-13,112563.66,1368.45,117156.42000000001,1411.3585714285714
2020-08-14,110673.17,1345.6399999999999,115709.52714285713,1393.5657142857142
2020-08-15,112467.26999999999,1379.1599999999999,114456.91714285714,1383.7585714285717
2020-08-16,110475.2,1297.4499999999998,113330.41714285713,1372.2371428571428
2020-08-17,110641.48999999999,1358.54,112840.62714285713,1368.1942857142858
2020-08-18,106632.08,1260.39,111371.59571428572,1344.34
2020-08-19,107446.46,1319.02,110128.47571428571,1332.6642857142856
2020-08-20,106751.94,1283.05,109298.23,1320.4642857142858
2020-08-21,105121.98000000001,1260.09,108505.20285714287,1308.242857142857
2020-08-22,103155.93999999999,1235.68,107175.01285714285,1287.7457142857143
2020-08-23,102097.3,1239.22,105978.17000000001,1279.4271428571428
2020-08-24,102825.21,1203.17,104861.55857142857,1257.2314285714288
2020-08-25,100711.5,1189.52,104015.76142857142,1247.107142857143
2020-08-26,98948.56,1156.7,102801.77571428572,1223.9185714285716
2020-08-27,97840.73,1231.65,101528.74571428572,1216.5757142857144
2020-08-28,95401.86,1100.86,100140.15714285713,1193.8285714285714
2020-08-29,94330.38999999998,1090.49,98879.3642857143,1173.087142857143
2020-08-30,93747.06999999999,1112.3999999999999,97686.47428571428,1154.97
2020-08-31,94235.59,1164.06,96459.3857142857,1149.3828571428571
2020-09-01,93540.67000000001,1122.5,95434.98142857142,1139.8085714285714
2020-09-02,92062.9,1093.08,94451.31571428571,1130.72
2020-09-03,92316.01,1098.48,93662.06999999999,1111.695714285714
2020-09-04,89351.42,1036.96,92797.72142857141,1102.5671428571427
2020-09-05,89206.43,1089.7,92065.72714285714,1102.4542857142858
2020-09-06,88280.76,1021.51,91284.82571428572,1089.47
2020-09-07,86694.72,965.69,90207.55857142857,1061.1314285714286
2020-09-08,84117.33,1028.17,88861.36714285714,1047.6557142857143
2020-09-09,86903.09,1051.12,88124.25142857143,1041.6614285714286
2020-09-10,83271.91,1009.02,86832.23714285714,1028.8814285714286
2020-09-11,82884.28,974.6700000000001,85908.36,1019.9828571428571
2020-09-12,83605.37,1019.64,85108.20857142856,1009.9742857142858
2020-09-13,82538.59,968.4399999999999,84287.89857142857,1002.3928571428571
2020-09-14,84337.54000000001,1015.16,83951.15857142858,1009.4599999999999
2020-09-15,80350.51000000001,941.51,83413.04142857144,997.0799999999999
2020-09-16,79804.73000000001,970.19,82398.99,985.5185714285715
2020-09-17,79968.79000000001,966.96,81927.11571428573,979.5100000000001
2020-09-18,78149.03,939.02,81250.65142857144,974.4171428571428
2020-09-19,75848.62,904.3499999999999,80142.54428571429,957.9471428571429
2020-09-20,79273.72,943.04,79676.13428571429,954.3185714285715
2020-09-21,77798.79000000001,986.85,78742.02714285716,950.2742857142857
2020-09-22,75326.03,870.38,78024.2442857143,940.1128571428571
2020-09-23,76193.44,898.45,77508.34571428572,929.8642857142856
2020-09-24,73383.58,882.91,76567.60142857142,917.8571428571429
2020-09-25,74619.1,872.04,76063.32571428572,908.2885714285715
2020-09-26,75779.37,941.17,76053.43285714286,913.5485714285713
2020-09-27,74736.63,871.73,75405.27714285716,903.3614285714285
2020-09-28,73775.48999999999,857.39,74830.52,884.8671428571428
2020-09-29,74301.93,840.51,74684.22,880.6
2020-09-30,73077.73000000001,887.83,74239.11857142857,879.0828571428572
2020-10-01,74259.51000000001,872.86,74364.25142857143,877.647142857143
2020-10-02,74223.31,937.8299999999999,74307.71,887.0457142857142
2020-10-03,73329.59,918.87,73957.74142857142,883.86
2020-10-04,74871.07,924.81,73976.94714285714,891.4428571428571
2020-10-05,75057.44,863.28,74160.08285714286,892.2842857142857
2020-10-06,75750.53,925.56,74367.02571428572,904.4342857142857
2020-10-07,72661.87,846.53,74307.61714285714,898.5342857142857
2020-10-08,75346.21,907.67,74462.86,903.5071428571428
2020-10-09,74746.87,888.6500000000001,74537.65428571429,896.4814285714285
2020-10-10,75583.4,971.54,74859.62714285713,904.0057142857142
2020-10-11,74593.8,881.97,74820.01714285715,897.8857142857144
2020-10-12,75382.36,884.19,74866.43428571429,900.8728571428571
2020-10-13,75491.52,931.64,74829.43285714286,901.7414285714286
2020-10-14,76803.91999999998,954.62,75421.15428571428,917.1828571428572
2020-10-15,75510.76,904.51,75444.66142857143,916.7314285714286
2020-10-16,76816.25,836.1,75740.28714285714,909.2242857142857
2020-10-17,77662.68000000001,944.23,76037.32714285715,905.3228571428572
2020-10-18,78918.76999999999,944.04,76655.18000000001,914.1900000000002
2020-10-19,78047.54000000001,982.52,77035.92,928.2371428571429
2020-10-20,79904.47,925.26,77666.34142857141,927.3257142857143
2020-10-21,79125.65000000001,957.78,77998.01714285715,927.7771428571428
2020-10-22,79837.32999999999,908.9300000000001,78616.09857142858,928.4085714285715
2020-10-23,79923.04,920.41,79059.92571428571,940.4528571428572
2020-10-24,81561.32,966.1600000000001,79616.87428571428,943.5857142857142
2020-10-25,82035.17000000001,956.84,80062.07428571429,945.4142857142857
2020-10-26,82052.83,981.2,80634.25857142857,945.2257142857143
2020-10-27,82592.37,938.5799999999999,81018.24428571427,947.1285714285714
2020-10-28,83987.75,1007.95,81712.82999999999,954.2957142857143
2020-10-29,85197.62,1006.62,82478.58571428571,968.2514285714286
2020-10-30,84604.02,1007.66,83147.29714285713,980.7157142857143
2020-10-31,86879.13,1023.64,83906.9842857143,988.9271428571428
2020-11-01,87933.65,1058.46,84749.62428571428,1003.4442857142858
2020-11-02,88964.5,1039.97,85737.00571428573,1011.84
2020-11-03,88124.58,1008.1800000000001,86527.32142857143,1021.7828571428572
2020-11-04,87732.98999999999,1068.57,87062.35571428572,1030.442857142857
2020-11-05,90632.66,1124.58,87838.79000000001,1047.2942857142857
2020-11-06,92254.86000000002,1154.8400000000001,88931.76714285715,1068.32
2020-11-07,91784.54000000001,1101.8600000000001,89632.54000000001,1079.4942857142858
2020-11-08,91684.67,1122.27,90168.40000000001,1088.61
2020-11-09,94630.88,1120.69,90977.88285714286,1100.1414285714286
2020-11-10,93121.93,1083.37,91691.79000000001,1110.8828571428571
2020-11-11,94640.66,1145.3700000000001,92678.59999999999,1121.8542857142859
2020-11-12,95376.9,1135.26,93356.34857142856,1123.38
2020-11-13,97289.40999999999,1198.99,94075.56999999999,1129.6871428571428
2020-11-14,98426.0,1178.9099999999999,95024.34999999999,1140.6942857142856
2020-11-15,98077.23999999999,1204.78,95937.57428571429,1152.4814285714285
2020-11-16,98663.01,1152.97,96513.59285714287,1157.0928571428572
2020-11-17,100642.19,1238.58,97587.9157142857,1179.2657142857145
2020-11-18,101198.5,1219.83,98524.75,1189.902857142857
2020-11-19,102523.85999999999,1228.3600000000001,99545.74428571427,1203.202857142857
2020-11-20,101337.2,1204.41,100124.0,1203.9771428571428
2020-11-21,106282.84,1291.1399999999999,101246.4057142857,1220.01
2020-11-22,105251.54,1255.11,102271.3057142857,1227.2
2020-11-23,104683.04,1298.66,103131.30999999998,1248.0128571428572
2020-11-24,104069.43,1255.01,103620.91571428571,1250.3600000000001
2020-11-25,105556.05,1269.6299999999999,104243.42285714285,1257.4742857142858
2020-11-26,104465.91,1295.29,104520.85857142857,1267.0357142857142
2020-11-27,107355.54000000001,1265.64,105380.62142857142,1275.782857142857
2020-11-28,108080.37,1256.4299999999998,105637.41142857143,1270.8242857142857
2020-11-29,108726.88,1298.66,106133.88857142859,1277.0457142857142
2020-11-30,108841.59,1279.47,106727.96714285715,1274.3042857142857
2020-12-01,109825.26999999999,1290.49,107550.23,1279.372857142857
2020-12-02,110247.62,1321.6100000000001,108220.4542857143,1286.7985714285714
2020-12-03,112040.82,1350.69,109302.58428571429,1294.712857142857
2020-12-04,114415.08,1384.3,110311.09,1311.6642857142856
2020-12-05,111737.31000000001,1294.15,110833.51,1317.052857142857
2020-12-06,115078.9,1381.42,111740.94142857143,1328.8757142857144
2020-12-07,113544.69,1384.39,112412.81285714285,1343.8642857142859
2020-12-08,116175.58,1433.52,113320.0,1364.297142857143
2020-12-09,117242.1,1413.42,114319.21142857142,1377.412857142857
2020-12-10,116909.81,1367.51,115014.78142857144,1379.8157142857144
2020-12-11,115838.8,1383.93,115218.17,1379.7628571428572
2020-12-12,115565.26,1345.51,115765.02,1387.1000000000001
2020-12-13,116670.94,1405.8700000000001,115992.4542857143,1390.5928571428572
2020-12-14,115627.87,1382.4099999999999,116290.05142857143,1390.31
2020-12-15,118201.45,1398.53,116579.46142857142,1385.3114285714287
2020-12-16,117126.49,1361.34,116562.94571428571,1377.8714285714286
2020-12-17,118693.96,1407.98,116817.82428571429,1383.652857142857
2020-12-18,116670.54999999999,1411.3700000000001,116936.64571428571,1387.5728571428572
2020-12-19,119467.9,1462.73,117494.16571428571,1404.3185714285714
2020-12-20,117962.79,1391.76,117678.7157142857,1402.3028571428572
2020-12-21,121280.6,1473.56,118486.24857142857,1415.3242857142857
2020-12-22,118143.26,1410.44,118477.93571428572,1417.0257142857142
2020-12-23,121601.84,1428.07,119117.27142857143,1426.5585714285714
2020-12-24,121122.26000000001,1430.84,119464.17142857143,1429.8242857142857
2020-12-25,117817.03,1403.44,119627.95428571428,1428.6914285714286
2020-12-26,121833.61,1463.99,119965.91285714286,1428.8714285714286
2020-12-27,118501.48,1432.8,120042.86857142858,1434.7342857142855
2020-12-28,120616.90000000001,1453.9,119948.05428571429,1431.9257142857143
2020-12-29,117597.23000000001,1426.6599999999999,119870.05000000002,1434.242857142857
2020-12-30,120351.12999999999,1416.2399999999998,119691.37714285715,1432.552857142857
2020-12-31,117873.16,1432.5700000000002,119227.22,1432.8
2021-01-01,118790.42,1402.3400000000001,119366.2757142857,1432.642857142857
2021-01-02,118781.16,1432.41,118930.21142857142,1428.1314285714286
2021-01-03,117554.20999999999,1415.49,118794.88714285714,1425.6585714285716
2021-01-04,118781.65,1429.98,118532.70857142856,1422.2414285714287
2021-01-05,119811.18,1398.36,118848.98714285714,1418.1985714285715
2021-01-06,116240.8,1402.62,118261.79714285713,1416.2528571428572
2021-01-07,117139.25,1429.23,118156.95285714285,1415.7757142857142
2021-01-08,116386.08,1359.33,117813.47571428571,1409.6314285714284
2021-01-09,116839.81,1401.12,117536.14,1405.1614285714284
2021-01-10,116137.01,1383.26,117333.68285714286,1400.5571428571427
2021-01-11,113782.37,1380.6200000000001,116619.5,1393.5057142857145
2021-01-12,116149.83,1452.01,116096.45,1401.1699999999998
2021-01-13,115109.88,1354.14,115934.89,1394.2442857142858
2021-01-14,112600.53,1398.55,115286.50142857143,1389.8614285714284
2021-01-15,113500.77,1351.25,114874.3142857143,1388.707142857143
2021-01-16,111688.72,1348.77,114138.44428571429,1381.2285714285715
2021-01-17,113975.93,1343.46,113829.71857142857,1375.542857142857
2021-01-18,112178.44,1357.0,113600.58571428571,1372.1685714285716
2021-01-19,109663.25,1299.78,112673.93142857144,1350.4214285714286
2021-01-20,109668.69,1353.23,111896.61857142858,1350.2914285714287
2021-01-21,110367.67000000001,1310.1,111577.63857142857,1337.6557142857143
2021-01-22,109818.41,1301.4,111051.58714285714,1330.5342857142857
2021-01-23,107937.16,1261.55,110515.65000000001,1318.0742857142857
2021-01-24,106516.92,1273.3400000000001,109450.07714285715,1308.0571428571427
2021-01-25,107005.06,1280.8899999999999,108711.02285714286,1297.1842857142856
2021-01-26,106748.79000000001,1271.89,108294.67142857144,1293.2
2021-01-27,105756.76000000001,1305.96,107735.82428571429,1286.447142857143
2021-01-28,102808.69,1225.04,106655.97,1274.2957142857142
2021-01-29,103108.49,1189.83,105697.41,1258.357142857143
2021-01-30,103067.29000000001,1247.62,105001.71428571429,1256.3671428571429
2021-01-31,101882.06000000001,1265.04,104339.59142857145,1255.1814285714286
2021-02-01,100177.66,1193.8600000000001,103364.24857142857,1242.7485714285715
2021-02-02,96194.70000000001,1199.53,101856.52142857143,1232.4114285714288
2021-02-03,98718.72,1195.46,100851.08714285714,1216.6257142857141
2021-02-04,98160.21,1236.4299999999998,100187.01857142859,1218.2528571428572
2021-02-05,94792.42,1118.88,98999.00857142858,1208.1171428571429
2021-02-06,96205.28,1148.28,98018.72142857143,1193.9257142857143
2021-02-07,95444.25,1178.34,97099.03428571428,1181.5400000000002
2021-02-08,94087.42,1130.58,96229.0,1172.5
2021-02-09,91526.15,1092.01,95562.06428571428,1157.1399999999999
2021-02-10,92083.02,1063.2,94614.10714285714,1138.2457142857143
2021-02-11,90066.63,1075.85,93457.88142857143,1115.3057142857142
2021-02-12,88893.09,1100.6599999999999,92615.12,1112.702857142857
2021-02-13,89675.33,1084.3799999999999,91682.27,1103.5742857142857
2021-02-14,87047.96,1052.0,90482.8,1085.5257142857142
2021-02-15,86265.55,1050.47,89365.39,1074.0814285714284
2021-02-16,85136.70999999999,1030.02,88452.61285714286,1065.225714285714
2021-02-17,80609.03,960.27,86813.47142857143,1050.5214285714285
2021-02-18,82416.34999999999,957.35,85720.57428571429,1033.5928571428572
2021-02-19,79914.15,937.56,84437.86857142857,1010.2928571428572
2021-02-20,79366.76,983.3499999999999,82965.21571428572,995.8599999999999
2021-02-21,77301.21,946.05,81572.82285714286,980.7242857142857
2021-02-22,78303.94,957.03,80435.44999999998,967.3757142857141
2021-02-23,75589.91,903.74,79071.62142857142,949.3357142857143
2021-02-24,74998.95,887.26,78270.18142857144,938.9057142857142
2021-02-25,72300.69,864.02,76825.08714285714,925.5728571428572
2021-02-26,72641.82999999999,885.57,75786.18428571429,918.1457142857142
2021-02-27,71196.31999999999,877.11,74618.97857142857,902.9685714285715
2021-02-28,70163.24,806.72,73599.26857142858,883.0642857142857
2021-03-01,69129.51999999999,816.94,72288.63714285714,863.0514285714287
2021-03-02,69330.69,870.6600000000001,71394.46285714286,858.3257142857143
2021-03-03,68665.61,784.88,70489.7,843.7
2021-03-04,64886.33,781.5999999999999,69430.50571428571,831.9257142857142
2021-03-05,64350.57,776.23,68246.04,816.3057142857143
2021-03-06,64011.04,750.36,67219.57142857143,798.1985714285713
2021-03-07,62301.08,762.02,66096.40571428572,791.8128571428572
2021-03-08,61864.75,767.36,65058.58142857143,784.7299999999999
2021-03-09,62622.44,733.35,64100.26,765.1142857142858
2021-03-10,59893.740000000005,723.3199999999999,62847.135714285716,756.3199999999999
2021-03-11,57960.7,724.11,61857.76,748.1071428571429
2021-03-12,56382.79,639.73,60719.50571428571,728.6071428571429
2021-03-13,56212.04,697.21,59605.36285714286,721.0142857142857
2021-03-14,57383.659999999996,634.15,58902.874285714286,702.7471428571428
2021-03-15,52258.35,633.5,57530.53142857143,683.6242857142857
2021-03-16,51659.55,635.0,55964.404285714285,669.5742857142857
2021-03-17,50830.43,572.7600000000001,54669.64571428572,648.0657142857143
2021-03-18,51570.63,578.16,53756.77857142857,627.2157142857143
2021-03-19,49802.909999999996,605.17,52816.79571428571,622.2785714285714
2021-03-20,48459.78,540.42,51709.33,599.88
2021-03-21,48014.49,573.8599999999999,50370.87714285714,591.2671428571429
2021-03-22,46509.24,554.25,49549.57571428572,579.9457142857143
2021-03-23,46481.38,546.2,48809.83714285714,567.26
2021-03-24,46863.42,591.22,48243.12142857142,569.8971428571429
2021-03-25,45637.590000000004,584.54,47395.544285714284,570.8085714285714
2021-03-26,44077.61,500.81,46577.64428571429,555.9
2021-03-27,42373.44,496.91,45708.16714285714,549.6842857142857
2021-03-28,42030.74,470.62,44853.345714285715,534.9357142857143
2021-03-29,40674.64,454.47,44019.83142857143,520.6814285714286
2021-03-30,40881.369999999995,499.38,43219.83,513.9928571428571
2021-03-31,40144.15,505.63,42259.934285714284,501.76571428571424
2021-04-01,40843.619999999995,485.5,41575.08142857143,487.6171428571428
2021-04-02,39509.33,499.65999999999997,40922.469999999994,487.45285714285717
2021-04-03,38044.41,403.88,40304.037142857145,474.1628571428572
2021-04-04,38443.54,465.49,39791.58,473.43
2021-04-05,36011.44,450.21999999999997,39125.40857142857,472.8228571428571
2021-04-06,36606.479999999996,462.72999999999996,38514.71,467.5871428571428
2021-04-07,34386.729999999996,393.09999999999997,37692.22142857143,451.5114285714285
2021-04-08,34514.78,389.04,36788.10142857143,437.7314285714286
2021-04-09,34432.12,409.84,36062.78571428572,424.9
2021-04-10,33196.95,390.94,35370.29142857143,423.0514285714286
2021-04-11,34783.1,443.34,34847.37142857142,419.88714285714286
2021-04-12,32884.44,416.55,34400.65714285714,415.07714285714286
2021-04-13,30901.22,376.07,33585.62,402.69714285714286
2021-04-14,32196.73,351.59000000000003,33272.76285714286,396.7671428571429
2021-04-15,31724.52,377.85,32874.154285714285,395.1685714285714
2021-04-16,32902.369999999995,364.48,32655.618571428575,388.68857142857144
2021-04-17,31793.49,401.16,32455.124285714286,390.1485714285714
2021-04-18,30799.38,372.69,31886.021428571432,380.05571428571426
2021-04-19,31828.18,381.88,31735.127142857145,375.1028571428572
2021-04-20,31144.94,411.33,31769.944285714282,380.14
2021-04-21,30437.760000000002,365.92,31518.66285714286,382.1871428571429
2021-04-22,29920.62,351.95,31260.962857142855,378.4871428571428
2021-04-23,30073.53,348.4,30856.842857142856,376.19
2021-04-24,28698.06,358.99,30414.63857142857,370.1657142857143
2021-04-25,30655.35,349.55,30394.062857142857,366.86
2021-04-26,30678.92,422.37,30229.882857142857,372.6442857142857
2021-04-27,27597.33,319.93,29723.08142857143,359.58714285714285
2021-04-28,31909.050000000003,423.54,29933.265714285713,367.81857142857143
2021-04-29,28591.87,374.63,29743.444285714282,371.0585714285715
2021-04-30,28791.81,370.63,29560.341428571428,374.2342857142857
2021-05-01,29201.559999999998,333.99,29632.269999999997,370.66285714285715
2021-05-02,30570.8,400.99,29620.191428571427,378.01142857142855
2021-05-03,29630.850000000002,379.37,29470.467142857146,371.8685714285715
2021-05-04,30034.519999999997,334.79999999999995,29818.63714285714,373.99285714285713
2021-05-05,32195.08,422.89,29859.49857142857,373.9
2021-05-06,32315.01,376.17,30391.375714285714,374.11999999999995
2021-05-07,31031.6,366.68,30711.345714285715,373.5557142857143
2021-05-08,30789.25,402.78,30938.158571428572,383.3828571428571
2021-05-09,32022.91,380.59,31145.602857142858,380.46857142857147
2021-05-10,31285.85,395.46999999999997,31382.031428571423,382.76857142857136
2021-05-11,33017.27,355.27,31808.138571428568,385.6928571428571
2021-05-12,34949.8,422.58,32201.670000000002,385.6485714285714
2021-05-13,33033.42999999999,397.65,32304.301428571427,388.71714285714285
2021-05-14,31693.649999999998,398.81,32398.879999999997,393.3071428571428
2021-05-15,34139.3,398.26000000000005,32877.458571428564,392.6614285714286
2021-05-16,33853.3,417.15,33138.94285714285,397.8842857142857
2021-05-17,36177.9,452.56,33837.80714285714,406.04
2021-05-18,32963.729999999996,380.12,33830.158571428576,409.59000000000003
2021-05-19,36674.97,448.58,34076.61142857143,413.30428571428575
2021-05-20,36078.24,412.40999999999997,34511.584285714285,415.41285714285715
2021-05-21,36723.3,447.84000000000003,35230.10571428571,422.4171428571429
2021-05-22,39139.11,392.49,35944.36428571429,421.5928571428571
2021-05-23,41100.409999999996,537.34,36979.665714285715,438.7628571428572
2021-05-24,39092.01,509.90000000000003,37395.967142857146,446.9542857142857
2021-05-25,41761.31,488.78,38652.764285714286,462.4771428571429
2021-05-26,39923.880000000005,465.38,39116.89428571429,464.8771428571428
2021-05-27,40169.130000000005,495.87,39701.30714285715,476.80000000000007
2021-05-28,44039.8,526.6800000000001,40746.52142857143,488.0628571428571
2021-05-29,43631.05,522.49,41388.22714285715,506.6342857142857
2021-05-30,42969.98,506.54,41655.30857142858,502.23428571428576
2021-05-31,43473.07,540.81,42281.17428571428,506.65000000000003
2021-06-01,43210.36,575.06,42488.18142857143,518.9757142857143
2021-06-02,45456.07,560.15,43278.49428571429,532.5142857142857
2021-06-03,48697.28,503.26,44496.80142857142,533.5699999999999
2021-06-04,48344.420000000006,625.47,45111.74714285714,547.6828571428571
2021-06-05,49907.270000000004,597.08,46008.35,558.3385714285714
2021-06-06,50379.58,589.61,47066.864285714284,570.2057142857142
2021-06-07,53418.380000000005,685.93,48487.62285714286,590.9371428571429
2021-06-08,50735.69,584.84,49562.67,592.3342857142858
2021-06-09,52903.200000000004,585.83,50626.54571428571,596.0028571428572
2021-06-10,55522.060000000005,660.36,51601.51428571429,618.4457142857143
2021-06-11,52616.899999999994,648.3,52211.86857142858,621.7071428571428
2021-06-12,56517.740000000005,702.1,53156.221428571436,636.71
2021-06-13,58807.82000000001,676.22,54360.25571428572,649.0828571428572
2021-06-14,58428.22,633.62,55075.94714285714,641.6099999999999
2021-06-15,63076.72,710.08,56838.95142857143,659.5014285714286
2021-06-16,61786.6,757.58,58108.008571428574,684.0371428571428
2021-06-17,62525.48,773.3499999999999,59108.49714285714,700.1785714285714
2021-06-18,64386.67,801.8,60789.892857142855,722.1071428571429
2021-06-19,66236.24,774.8199999999999,62178.25,732.4957142857144
2021-06-20,64653.28,764.22,63013.31571428571,745.0671428571428
2021-06-21,69116.48999999999,821.3000000000001,64540.21142857143,771.8785714285714
2021-06-22,69177.96,819.53,65411.81714285714,787.5142857142857
2021-06-23,70074.92,849.92,66595.86285714286,800.7057142857142
2021-06-24,72596.12999999999,901.96,68034.52714285714,819.0785714285713
2021-06-25,73823.28,866.55,69382.61428571428,828.3285714285714
2021-06-26,75104.56,917.33,70649.51714285715,848.6871428571428
2021-06-27,76532.83,897.6400000000001,72346.59571428571,867.7471428571429
2021-06-28,78511.77,947.75,73688.77857142857,885.8114285714286
2021-06-29,75950.72,922.95,74656.31571428572,900.5857142857142
2021-06-30,81219.89,955.74,76248.4542857143,915.7028571428572
2021-07-01,84075.15,1010.0,77888.31428571428,931.137142857143
2021-07-02,83163.86,984.73,79222.68285714286,948.0200000000001
2021-07-03,86278.84,977.85,80819.00857142857,956.6657142857144
2021-07-04,85700.88999999998,1050.34,82128.73142857142,978.4800000000001
2021-07-05,88364.16,1067.15,83536.21571428572,995.5371428571428
2021-07-06,88837.2,1076.82,85377.14142857143,1017.5185714285715
2021-07-07,90964.7,1104.79,86769.25714285714,1038.8114285714285
2021-07-08,93642.12999999999,1102.35,88135.96857142857,1052.0042857142857
2021-07-09,93116.45,1082.58,89557.76714285715,1065.9828571428573
2021-07-10,95430.9,1161.28,90865.2042857143,1092.1871428571428
2021-07-11,95582.59,1172.22,92276.87571428572,1109.5985714285714
2021-07-12,98073.59,1184.2,93663.93714285713,1126.32
2021-07-13,100525.51,1200.12,95333.69571428571,1143.9342857142858
2021-07-14,101176.03,1210.04,96792.45714285714,1158.97
2021-07-15,103169.77,1260.44,98153.54857142859,1181.5542857142857
2021-07-16,102298.42,1196.9099999999999,99465.25857142857,1197.8871428571426
2021-07-17,104944.93,1247.16,100824.4057142857,1210.1557142857143
2021-07-18,106664.20000000001,1264.56,102407.49285714285,1223.347142857143
2021-07-19,107887.62,1292.88,103809.49714285714,1238.8728571428571
2021-07-20,111032.56,1318.12,105310.50428571428,1255.73
2021-07-21,112647.01000000001,1332.91,106949.21571428572,1273.282857142857
2021-07-22,112836.24,1364.49,108330.14,1288.1471428571426
2021-07-23,112744.64,1335.85,109822.45714285715,1307.9957142857143
2021-07-24,114379.45000000001,1382.73,111170.24571428572,1327.362857142857
2021-07-25,117485.58,1422.94,112716.15714285716,1349.9885714285715
2021-07-26,119813.26,1455.51,114419.81999999999,1373.2214285714285
2021-07-27,120982.65999999999,1410.94,115841.26285714285,1386.4814285714285
2021-07-28,119708.54,1410.7,116850.05285714286,1397.5942857142857
2021-07-29,123696.26,1475.25,118401.4842857143,1413.4171428571428
2021-07-30,123374.11,1486.15,119919.98,1434.8885714285714
2021-07-31,126477.69,1522.34,121648.3,1454.8328571428572
2021-08-01,126550.51999999999,1520.92,122943.29142857142,1468.83
2021-08-02,129062.83,1554.37,124264.65857142858,1482.9528571428568
2021-08-03,129603.08,1553.3799999999999,125496.14714285715,1503.3014285714287
2021-08-04,130178.41,1500.43,126991.84285714284,1516.1200000000001
2021-08-05,131441.1,1551.49,128098.24857142857,1527.0114285714285
2021-08-06,133477.66,1633.08,129541.61285714286,1548.0014285714285
2021-08-07,135205.55000000002,1614.9,130788.45,1561.2242857142858
2021-08-08,136342.04,1638.2,132187.23857142858,1577.9785714285715
2021-08-09,136504.85,1633.81,133250.3842857143,1589.3271428571427
2021-08-10,137347.03999999998,1670.73,134356.6642857143,1606.0914285714284
2021-08-11,138573.54,1681.74,135555.9685714286,1631.992857142857
2021-08-12,140097.34,1664.06,136792.57428571428,1648.0742857142857
2021-08-13,141858.28999999998,1705.54,137989.80714285714,1658.4257142857143
2021-08-14,144109.45,1763.26,139261.79285714286,1679.6200000000001
2021-08-15,143134.66,1720.1,140232.16714285713,1691.32
2021-08-16,145666.16,1737.73,141540.92571428572,1706.1657142857143
2021-08-17,143972.74999999997,1740.12,142487.4557142857,1716.0785714285714
2021-08-18,147426.24,1788.76,143752.12714285712,1731.3671428571429
2021-08-19,146594.15,1780.02,144680.24285714285,1747.932857142857
2021-08-20,147087.31,1787.86,145427.2457142857,1759.6928571428573
2021-08-21,147172.72999999998,1800.45,145864.85714285713,1765.0057142857142
2021-08-22,150962.3,1770.43,146983.0914285714,1772.195714285714
2021-08-23,151789.87,1829.6,147857.90714285715,1785.32
2021-08-24,152355.61000000002,1832.8999999999999,149055.45857142858,1798.5742857142855
2021-08-25,150696.99,1793.46,149522.70857142858,1799.2457142857145
2021-08-26,153862.28,1834.68,150561.01285714284,1807.054285714286
2021-08-27,153779.02,1848.94,151516.97142857144,1815.78
2021-08-28,151198.85,1842.08,152092.13142857142,1821.7271428571428
2021-08-29,155688.96,1903.67,152767.36857142858,1840.7614285714285
2021-08-30,154718.65,1873.39,153185.7657142857,1847.017142857143
2021-08-31,156949.87,1871.17,153842.08857142855,1852.484285714286
2021-09-01,156298.13,1938.3,154642.25142857144,1873.1757142857143
2021-09-02,157362.36000000002,1923.77,155142.26285714284,1885.902857142857
2021-09-03,158250.90000000002,1926.54,155781.10285714286,1896.9885714285715
2021-09-04,156896.0,1878.44,156594.98142857145,1902.1828571428573
2021-09-05,156346.41999999998,1891.8899999999999,156688.9042857143,1900.5
2021-09-06,158065.68000000002,1895.81,157167.05142857143,1903.7028571428568
2021-09-07,159909.06,1963.4699999999998,157589.79285714286,1916.8885714285714
2021-09-08,158556.02000000002,1902.1299999999999,157912.34857142856,1911.7214285714285
2021-09-09,159628.27000000002,1902.54,158236.05000000002,1908.6885714285713
2021-09-10,158258.82,1868.28,158237.18142857144,1900.3657142857141
2021-09-11,158951.01,1916.7,158530.7542857143,1905.8314285714284
2021-09-12,160931.63,1925.01,159185.78428571433,1910.5628571428572
2021-09-13,160448.18,1947.6399999999999,159526.14142857143,1917.967142857143
2021-09-14,160413.77000000002,1950.62,159598.24285714285,1916.1314285714284
2021-09-15,160696.32,1914.78,159904.0,1917.9385714285713
2021-09-16,158054.8,1888.67,159679.2185714286,1915.9571428571428
2021-09-17,159679.74,1897.58,159882.20714285714,1920.142857142857
2021-09-18,159472.68,1961.51,159956.73142857145,1926.5442857142857
2021-09-19,157936.72,1925.59,159528.88714285713,1926.6271428571429
2021-09-20,157673.18000000002,1896.79,159132.45857142858,1919.362857142857
2021-09-21,157258.64,1846.12,158681.7257142857,1904.4342857142856
2021-09-22,155597.41999999998,1834.77,157953.3114285714,1893.0042857142857
2021-09-23,156221.86,1893.02,157691.46285714285,1893.6257142857141
2021-09-24,158388.46,1893.56,157506.9942857143,1893.0514285714287
2021-09-25,157198.83000000002,1882.6799999999998,157182.1585714286,1881.7899999999997
2021-09-26,155797.81,1903.49,156876.60000000003,1878.6328571428571
2021-09-27,153829.13,1836.9,156327.44999999998,1870.077142857143
2021-09-28,155924.36,1897.06,156136.83857142858,1877.3542857142857
2021-09-29,155498.84,1933.4699999999998,156122.7557142857,1891.4542857142856
2021-09-30,154009.64,1865.9,155806.7242857143,1887.5800000000002
2021-10-01,154185.84999999998,1891.56,155206.35142857142,1887.2942857142857
2021-10-02,154279.94,1795.04,154789.3671428571,1874.7742857142857
2021-10-03,150190.41999999998,1805.49,153988.3114285714,1860.7742857142857
2021-10-04,150971.71,1795.26,153580.10857142857,1854.8257142857142
2021-10-05,150033.46,1769.62,152738.5514285714,1836.6200000000001
2021-10-06,148668.83000000002,1803.32,151762.83571428573,1818.027142857143
2021-10-07,149266.87,1779.77,151085.29714285716,1805.7228571428573
2021-10-08,147021.12,1751.74,150061.7642857143,1785.7485714285715
2021-10-09,146540.78,1740.23,148956.16999999998,1777.9185714285716
2021-10-10,146260.41,1734.1799999999998,148394.74000000002,1767.7314285714288
2021-10-11,142896.86,1716.57,147241.19,1756.49
2021-10-12,145495.39,1748.2800000000002,146592.89428571428,1753.4414285714286
2021-10-13,140730.87,1706.22,145458.9,1739.57
2021-10-14,142520.44,1671.74,144495.1242857143,1724.1371428571426
2021-10-15,141110.96,1692.81,143650.8157142857,1715.7185714285713
2021-10-16,139980.7,1684.04,142713.66142857142,1707.6914285714286
2021-10-17,138915.72,1692.29,141664.41999999998,1701.7071428571428
2021-10-18,135718.26,1646.3,140638.9057142857,1691.6685714285716
2021-10-19,133492.1,1612.47,138924.15,1672.2671428571427
2021-10-20,135256.83000000002,1634.97,138142.14428571428,1662.0885714285712
2021-10-21,133012.09,1586.1399999999999,136783.80857142858,1649.8600000000001
2021-10-22,130671.35,1559.63,135292.43571428573,1630.8342857142857
2021-10-23,131875.57,1566.63,134134.56,1614.0614285714287
2021-10-24,130570.13,1542.15,132942.33285714287,1592.6128571428574
2021-10-25,126955.13,1510.9899999999998,131690.45714285717,1573.282857142857
2021-10-26,125410.03,1510.68,130535.87571428574,1558.7414285714287
2021-10-27,125924.32,1535.67,129202.66,1544.5557142857144
2021-10-28,122982.05,1427.69,127769.79714285715,1521.92
2021-10-29,123086.79,1484.1000000000001,126686.28857142858,1511.1299999999999
2021-10-30,120618.62,1414.21,125078.15285714286,1489.3557142857142
2021-10-31,119527.03,1463.81,123500.56714285714,1478.1642857142856
2021-11-01,118334.03,1428.3600000000001,122268.98142857142,1466.3600000000001
2021-11-02,116166.21,1382.77,120948.4357142857,1448.087142857143
2021-11-03,115512.07,1405.02,119460.97142857143,1429.422857142857
2021-11-04,115175.73,1341.73,118345.78285714285,1417.142857142857
2021-11-05,111994.65000000001,1413.6699999999998,116761.19142857143,1407.081428571429
2021-11-06,111526.71,1393.6100000000001,115462.34714285714,1404.1385714285714
2021-11-07,108180.43000000001,1283.1,113841.40428571429,1378.3228571428572
2021-11-08,109347.42,1340.91,112557.60285714285,1365.83
2021-11-09,105886.52,1261.24,111089.07571428572,1348.4685714285713
2021-11-10,105059.09,1303.8100000000002,109595.79285714286,1334.01
2021-11-11,103033.73,1248.43,107861.22142857143,1320.6814285714286
2021-11-12,102304.42,1225.6599999999999,106476.90285714285,1293.8228571428572
2021-11-13,100540.82,1222.0,104907.49,1269.3071428571427
2021-11-14,99598.87,1214.89,103681.55285714286,1259.5628571428572
2021-11-15,96393.6,1177.0,101831.00714285714,1236.1471428571429
2021-11-16,97220.26999999999,1146.74,100592.97142857143,1219.7900000000002
2021-11-17,94166.72,1166.45,99036.91857142856,1200.1671428571428
2021-11-18,92528.7,1135.74,97536.19999999998,1184.0685714285714
2021-11-19,91759.74,1122.61,96029.81714285715,1169.347142857143
2021-11-20,88576.54999999999,1053.7,94320.6357142857,1145.3042857142857
2021-11-21,90029.08,1093.18,92953.52285714285,1127.9171428571428
2021-11-22,86362.83,1038.87,91520.55571428571,1108.1842857142858
2021-11-23,85994.43,1033.54,89916.86428571427,1092.0128571428572
2021-11-24,83636.20999999999,1010.91,88412.50571428573,1069.792857142857
2021-11-25,83028.57,961.61,87055.3442857143,1044.9171428571428
2021-11-26,81834.97,988.3299999999999,85637.52,1025.7342857142855
2021-11-27,78695.36,941.64,84225.92142857143,1009.7257142857143
2021-11-28,76517.5,912.42,82295.69571428571,983.9028571428571
2021-11-29,77609.7,891.7,81045.24857142857,962.8785714285714
2021-11-30,74929.9,927.4,79464.60142857142,947.7157142857143
2021-12-01,73662.73,880.05,78039.81857142856,929.0214285714285
2021-12-02,71006.84,833.1,76322.42857142857,910.6628571428571
2021-12-03,71063.09999999999,843.79,74783.59,890.0142857142856
2021-12-04,69323.15000000001,787.75,73444.70285714285,868.03
2021-12-05,67616.20999999999,801.82,72173.09,852.2299999999999
2021-12-06,66319.26,787.19,70560.17,837.3000000000001
2021-12-07,65450.770000000004,799.6800000000001,69206.00857142857,819.0542857142857
2021-12-08,65395.5,816.4499999999999,68024.97571428571,809.9685714285715
2021-12-09,63731.54,777.6800000000001,66985.64714285714,802.0514285714287
2021-12-10,61983.83,742.36,65688.60857142857,787.5614285714286
2021-12-11,60198.97,726.88,64385.154285714285,778.8657142857144
2021-12-12,60942.54,745.1400000000001,63431.77285714285,770.7685714285716
2021-12-13,57268.95,661.65,62138.87142857143,752.8342857142858
2021-12-14,57455.42,683.03,60996.67857142857,736.17
2021-12-15,55301.85,669.3100000000001,59554.72857142857,715.15
2021-12-16,52054.76,587.02,57886.61714285715,687.9128571428572
2021-12-17,52621.840000000004,655.89,56549.19,675.5600000000001
2021-12-18,52130.26,658.6700000000001,55396.51714285714,665.8157142857143
2021-12-19,50882.96,616.53,53959.434285714284,647.4428571428572
2021-12-20,48596.37,601.21,52720.49428571428,638.8085714285714
2021-12-21,46981.46,573.6,51224.21428571428,623.1757142857143
2021-12-22,46565.04,557.06,49976.09857142858,607.14
2021-12-23,46601.14,541.94,49197.01,600.7
2021-12-24,44932.880000000005,531.68,48098.58714285714,582.9557142857143
2021-12-25,42394.21,533.8,46707.72285714286,565.1171428571428
2021-12-26,41236.659999999996,499.36,45329.68,548.3785714285715
2021-12-27,39386.6,455.03000000000003,44013.99857142858,527.4957142857144
2021-12-28,38978.0,455.2,42870.647142857146,510.58142857142855
2021-12-29,37175.049999999996,454.61,41529.219999999994,495.94571428571436
2021-12-30,36597.64,457.39000000000004,40100.148571428566,483.8671428571429
2021-12-31,35496.75,402.0,38752.13,465.34142857142854
2022-01-01,35158.93,400.8,37718.51857142857,446.3414285714286
2022-01-02,34438.9,413.57000000000005,36747.409999999996,434.08571428571435
2022-01-03,32887.48,355.44,35818.96428571428,419.8585714285714
2022-01-04,32879.979999999996,409.37,34947.81857142857,413.3114285714286
2022-01-05,33617.86,398.83,34439.648571428566,405.34285714285716
2022-01-06,32030.17,381.01,33787.15285714286,394.43142857142857
2022-01-07,29098.75,339.96000000000004,32873.15285714286,385.56857142857143
2022-01-08,31082.32,363.49,32290.780000000002,380.23857142857145
2022-01-09,29034.07,323.25,31518.661428571424,367.33571428571435
2022-01-10,26383.62,288.39,30589.53857142857,357.75714285714287
2022-01-11,27066.760000000002,359.09000000000003,29759.07857142857,350.57428571428574
2022-01-12,26061.780000000002,332.52,28679.63857142857,341.1014285714286
2022-01-13,24410.559999999998,293.26,27591.122857142855,328.5657142857143
2022-01-14,24099.07,286.79,26876.882857142857,320.96999999999997
2022-01-15,22718.63,296.0,25682.07,311.32857142857137
2022-01-16,22659.33,287.27,24771.39285714286,306.1885714285714
2022-01-17,22771.13,283.72999999999996,24255.32285714286,305.5228571428571
2022-01-18,22182.36,248.37,23557.55142857143,289.70571428571424
2022-01-19,22890.48,293.11,23104.50857142857,284.0757142857143
2022-01-20,19214.72,236.72,22362.245714285713,275.9985714285714
2022-01-21,18586.62,204.04,21574.75285714286,264.1771428571428
2022-01-22,19804.15,231.76,21158.398571428574,255.0
2022-01-23,17372.73,225.79,20403.170000000002,246.21714285714285
2022-01-24,18524.399999999998,250.06,19796.494285714285,241.40714285714284
2022-01-25,17577.55,215.6,19138.664285714283,236.72571428571428
2022-01-26,16420.36,223.31,18214.36142857143,226.7542857142857
2022-01-27,17297.96,223.39,17940.53857142857,224.85
2022-01-28,15725.3,226.91,17531.77857142857,228.11714285714285
2022-01-29,15313.92,210.26,16890.31714285714,225.04571428571427
2022-01-30,13819.02,182.75,16382.644285714285,218.89714285714285
2022-01-31,13803.75,170.43,15708.265714285715,207.52142857142854
